,Benchmark,Hardware Vendor	,System,# Cores,# Chips,# Cores Per Chip,# Threads Per Core,Processor ,Processor MHz,Processor Characteristics,CPU(s) Orderable,Auto Parallelization,Base Pointer Size,Peak Pointer Size,1st Level Cache,2nd Level Cache,3rd Level Cache,Other Cache,Memory,Operating System,File System,Compiler,HW Avail,SW Avail,Result,Baseline,400 Peak,400 Base,401 Peak,401 Base,403 Peak,403 Base,429 Peak,429 Base,445 Peak,445 Base,456 Peak,456 Base,458 Peak,458 Base,462 Peak,462 Base,464 Peak,464 Base,471 Peak,471 Base,473 Peak,473 Base,483 Peak,483 Base,License,Tested By,Test Sponsor,Test Date,Published,Updated ,Disclosure,Disclosures,Source,perf,# Enabled Threads Per Core,Parallel,Storage,Energy Peak Result,Energy Base Result,600 Peak,600 Base,602 Peak,602 Base,605 Peak,605 Base,620 Peak,620 Base,623 Peak,623 Base,625 Peak,625 Base,631 Peak,631 Base,641 Peak,641 Base,648 Peak,648 Base,657 Peak,657 Base,hw_avail_year,perf_per_chip
9013,CINT2017,ASUSTeK Computer Inc.,"ASUS RS500A-E10(KRPA-U16) Server System 2.50 GHz, AMD EPYC 7502P",32,1,,,AMD EPYC 7502P,2500,,1 chip,,64-bit,32/64-bit,32 KB I + 32 KB D on chip per core,512 KB I+D on chip per core,"128 MB I+D on chip per chip, 16 MB shared / 4 cores",,512 GB (8 x 64 GB 2Rx4 PC4-3200AA-R),"SUSE Linux Enterprise Server 15 SP1 (x86_64), Kernel 4.12.14-195-default",xfs,C/C++/Fortran: Version 2.0.0 of AOCC,Aug-2019,Aug-2019,9.15,8.94,,,,,,,,,,,,,,,,,,,,,,,,,9016,ASUSTeK Computer Inc.,ASUSTeK Computer Inc.,Sep-2019,Nov-2019,Nov-2019,"<A HREF=""/cpu2017/results/res2019q4/cpu2017-20191028-19331.html"">HTML</A> <A HREF=""/cpu2017/results/res2019q4/cpu2017-20191028-19331.csv"">CSV</A> <A HREF=""/cpu2017/results/res2019q4/cpu2017-20191028-19331.pdf"">PDF</A> <A HREF=""/cpu2017/results/res2019q4/cpu2017-20191028-19331.ps"">PS</A> <A HREF=""/cpu2017/results/res2019q4/cpu2017-20191028-19331.txt"">Text</A> <A HREF=""/cpu2017/results/res2019q4/cpu2017-20191028-19331.cfg"">Config</A>",,cint2017,82.35000000000001,2.0,Yes,1 x 240 GB SATA SSD,0.0,0.0,5.14,4.87,9.81,9.81,16.3,15.3,5.12,5.12,10.3,9.52,13.0,12.7,4.99,4.94,4.27,4.27,16.7,16.7,20.6,20.6,2019,82.35000000000001
13123,CINT2017,Lenovo Global Technology,"ThinkSystem SR635 2.50 GHz,AMD EPYC 7502P",32,1,,,AMD EPYC 7502P,2500,,1 chip,,64-bit,32/64-bit,32 KB I + 32 KB D on chip per core,512 KB I+D on chip per core,"128 MB I+D on chip per chip, 16 MB shared / 4 cores",,256 GB (8 x 32 GB 2Rx4 PC4-3200AA-R),"Red Hat Enterprise Linux release 8.0, (Ootpa), Kernel 4.18.0-80.el8.x86_64",xfs,C/C++/Fortran: Version 2.0.0 of AOCC,Aug-2019,Aug-2019,9.08,8.78,,,,,,,,,,,,,,,,,,,,,,,,,9017,Lenovo Global Technology,Lenovo Global Technology,Sep-2019,Oct-2019,Oct-2019,"<A HREF=""/cpu2017/results/res2019q4/cpu2017-20190927-18743.html"">HTML</A> <A HREF=""/cpu2017/results/res2019q4/cpu2017-20190927-18743.csv"">CSV</A> <A HREF=""/cpu2017/results/res2019q4/cpu2017-20190927-18743.pdf"">PDF</A> <A HREF=""/cpu2017/results/res2019q4/cpu2017-20190927-18743.ps"">PS</A> <A HREF=""/cpu2017/results/res2019q4/cpu2017-20190927-18743.txt"">Text</A> <A HREF=""/cpu2017/results/res2019q4/cpu2017-20190927-18743.cfg"">Config</A>",,cint2017,81.72,1.0,Yes,1 x 960 GB SATA SSD,0.0,0.0,5.27,4.77,9.7,9.63,16.2,15.1,5.06,5.0,10.1,9.43,12.9,12.4,4.98,4.88,4.23,4.23,16.5,16.0,20.3,20.3,2019,81.72
11643,CINT2017,Hewlett Packard Enterprise,"ProLiant DL325 Gen10 Plus (2.50 GHz, AMD EPYC 7502P)",32,1,,,AMD EPYC 7502P,2500,,1 chip,,64-bit,32/64-bit,32 KB I + 32 KB D on chip per core,512 KB I+D on chip per core,"128 MB I+D on chip per chip, 16 MB shared / 4 cores",,512 GB (8 x 64 GB 2Rx4 PC4-3200AA-R),"SUSE Linux Enterprise Server 15 (x86_64) SP1, Kernel 4.12.14-195-default",xfs,C/C++/Fortran: Version 2.0.0 of AOCC,Dec-2019,Aug-2019,8.92,8.54,,,,,,,,,,,,,,,,,,,,,,,,,3,HPE,HPE,Feb-2020,Apr-2020,Apr-2020,"<A HREF=""/cpu2017/results/res2020q2/cpu2017-20200330-21568.html"">HTML</A> <A HREF=""/cpu2017/results/res2020q2/cpu2017-20200330-21568.csv"">CSV</A> <A HREF=""/cpu2017/results/res2020q2/cpu2017-20200330-21568.pdf"">PDF</A> <A HREF=""/cpu2017/results/res2020q2/cpu2017-20200330-21568.ps"">PS</A> <A HREF=""/cpu2017/results/res2020q2/cpu2017-20200330-21568.txt"">Text</A> <A HREF=""/cpu2017/results/res2020q2/cpu2017-20200330-21568.cfg"">Config</A>",,cint2017,80.28,1.0,Yes,"1 x 480 GB SATA SSD, RAID 0",0.0,0.0,5.02,4.74,9.64,9.54,15.7,14.5,5.05,4.67,9.9,9.01,12.7,12.4,4.95,4.74,4.09,4.04,16.2,15.8,20.0,20.0,2019,80.28
13319,CINT2017,Lenovo Global Technology,"ThinkSystem SR655 2.50 GHz,AMD EPYC 7502P",32,1,,,AMD EPYC 7502P,2500,,1 chip,,64-bit,32/64-bit,32 KB I + 32 KB D on chip per core,512 KB I+D on chip per core,"128 MB I+D on chip per chip, 16 MB shared / 4 cores",,256 GB (8 x 32 GB 2Rx4 PC4-3200AA-R),"Red Hat Enterprise Linux release 8.0, (Ootpa), Kernel 4.18.0-80.el8.x86_64",xfs,C/C++/Fortran: Version 2.0.0 of AOCC,Aug-2019,Aug-2019,9.08,8.79,,,,,,,,,,,,,,,,,,,,,,,,,9017,Lenovo Global Technology,Lenovo Global Technology,Sep-2019,Oct-2019,Oct-2019,"<A HREF=""/cpu2017/results/res2019q4/cpu2017-20190916-18049.html"">HTML</A> <A HREF=""/cpu2017/results/res2019q4/cpu2017-20190916-18049.csv"">CSV</A> <A HREF=""/cpu2017/results/res2019q4/cpu2017-20190916-18049.pdf"">PDF</A> <A HREF=""/cpu2017/results/res2019q4/cpu2017-20190916-18049.ps"">PS</A> <A HREF=""/cpu2017/results/res2019q4/cpu2017-20190916-18049.txt"">Text</A> <A HREF=""/cpu2017/results/res2019q4/cpu2017-20190916-18049.cfg"">Config</A>",,cint2017,81.72,1.0,Yes,1 x 960 GB SATA SSD,0.0,0.0,5.26,4.78,9.7,9.65,16.2,15.1,5.06,5.06,10.1,9.34,12.9,12.5,4.98,4.88,4.23,4.23,16.5,16.0,20.3,20.3,2019,81.72
10627,CINT2017,Dell Inc.,"PowerEdge R6515 (AMD EPYC 7502P, 2.50 GHz)",32,1,,,AMD EPYC 7502P,2500,,1 chip,,64-bit,32/64-bit,32 KB I + 32 KB D on chip per core,512 KB I+D on chip per core,"128 MB I+D on chip per chip, 16 MB shared / 4 cores",,"256 GB (8 x 32 GB 2Rx4 PC4-3200AA-R, running at 3200)","SUSE Linux Enterprise Server 15 SP1, kernel 4.12.14-195-default, 4.12.14-195-default",xfs,C/C++/Fortran: Version 2.0.0 of AOCC,Sep-2019,Aug-2019,8.8,8.53,,,,,,,,,,,,,,,,,,,,,,,,,55,Dell Inc.,Dell Inc.,Aug-2019,Sep-2019,Sep-2019,"<A HREF=""/cpu2017/results/res2019q3/cpu2017-20190831-17281.html"">HTML</A> <A HREF=""/cpu2017/results/res2019q3/cpu2017-20190831-17281.csv"">CSV</A> <A HREF=""/cpu2017/results/res2019q3/cpu2017-20190831-17281.pdf"">PDF</A> <A HREF=""/cpu2017/results/res2019q3/cpu2017-20190831-17281.ps"">PS</A> <A HREF=""/cpu2017/results/res2019q3/cpu2017-20190831-17281.txt"">Text</A> <A HREF=""/cpu2017/results/res2019q3/cpu2017-20190831-17281.cfg"">Config</A>",,cint2017,79.2,2.0,Yes,1 x 960 GB SATA SSD,0.0,0.0,5.08,4.65,9.47,9.47,15.7,14.6,4.81,4.81,9.81,9.01,12.6,12.1,4.84,4.75,4.16,4.16,15.8,15.8,19.6,19.5,2019,79.2
11005,CINT2017,Dell Inc.,"PowerEdge R7515 (AMD EPYC 7502P, 2.50GHz)",32,1,,,AMD EPYC 7502P,2500,,1 chip,,64-bit,32/64-bit,32 KB I + 32 KB D on chip per core,512 KB I+D on chip per core,"128 MB I+D on chip per chip, 16 MB shared / 4 cores",,"256 GB (8 x 32 GB 2Rx4 PC4-3200AA-R, running at 3200)","SUSE Linux Enterprise Server 15 SP1, kernel 4.12.14-195-default",xfs,C/C++/Fortran: Version 2.0.0 of AOCC,Sep-2019,Aug-2019,8.76,8.43,,,,,,,,,,,,,,,,,,,,,,,,,55,Dell Inc.,Dell Inc.,Sep-2019,Oct-2019,Oct-2019,"<A HREF=""/cpu2017/results/res2019q4/cpu2017-20191014-19036.html"">HTML</A> <A HREF=""/cpu2017/results/res2019q4/cpu2017-20191014-19036.csv"">CSV</A> <A HREF=""/cpu2017/results/res2019q4/cpu2017-20191014-19036.pdf"">PDF</A> <A HREF=""/cpu2017/results/res2019q4/cpu2017-20191014-19036.ps"">PS</A> <A HREF=""/cpu2017/results/res2019q4/cpu2017-20191014-19036.txt"">Text</A> <A HREF=""/cpu2017/results/res2019q4/cpu2017-20191014-19036.cfg"">Config</A>",,cint2017,78.84,2.0,Yes,1 x 960 GB SAS SSD,0.0,0.0,5.05,4.53,9.38,9.37,15.6,14.6,4.8,4.67,9.77,8.87,12.5,12.1,4.82,4.76,4.14,4.14,15.7,15.3,19.6,19.4,2019,78.84
9561,CINT2017,Cisco Systems,Cisco UCS C225 M6 (AMD EPYC 7502P 32-Core),32,1,,,AMD EPYC 7502P,2500,,1 chips,,64-bit,64-bit,32 KB I + 32 KB D on chip per core,512 KB I+D on chip per core,"128 MB I+D on chip per chip, 16 MB shared / 4 cores",,1 TB (8 x 128 GB 4Rx4 PC4-3200V-L),"SUSE Linux Enterprise Server 15 SP2 (x86_64), kernel version, 5.3.18-22-default",xfs,C/C++/Fortran: Version 3.0.0 of AOCC,Jun-2021,Jun-2021,8.93,8.9,,,,,,,,,,,,,,,,,,,,,,,,,9019,Cisco Systems,Cisco Systems,Dec-2021,Jan-2022,Jan-2022,"<A HREF=""/cpu2017/results/res2022q1/cpu2017-20211220-30565.html"">HTML</A> <A HREF=""/cpu2017/results/res2022q1/cpu2017-20211220-30565.csv"">CSV</A> <A HREF=""/cpu2017/results/res2022q1/cpu2017-20211220-30565.pdf"">PDF</A> <A HREF=""/cpu2017/results/res2022q1/cpu2017-20211220-30565.ps"">PS</A> <A HREF=""/cpu2017/results/res2022q1/cpu2017-20211220-30565.txt"">Text</A> <A HREF=""/cpu2017/results/res2022q1/cpu2017-20211220-30565.cfg"">Config</A>",,cint2017,80.37,2.0,Yes,1 x 960 GB M.2 SSD SATA,0.0,0.0,4.89,4.89,9.14,9.14,15.1,15.1,4.55,4.55,10.5,10.5,13.5,13.5,4.93,4.79,4.34,4.34,17.6,17.5,19.6,19.6,2021,80.37
10020,CINT2017,Dell Inc.,"PowerEdge C6525 (AMD EPYC 7502P, 2.50GHz)",32,1,,,AMD EPYC 7502P,2500,,1 chip,,64-bit,32/64-bit,32 KB I + 32 KB D on chip per core,512 KB I+D on chip per core,"128 MB I+D on chip per chip, 16 MB shared / 4 cores",,"256 GB (8 x 32 GB 2Rx4 PC4-3200AA-R, running at 3200)","SUSE Linux Enterprise Server 15 SP1, kernel 4.12.14-195-default",xfs,C/C++/Fortran: Version 2.0.0 of AOCC,Sep-2019,Aug-2019,8.72,8.45,,,,,,,,,,,,,,,,,,,,,,,,,55,Dell Inc.,Dell Inc.,Sep-2019,Nov-2019,Nov-2019,"<A HREF=""/cpu2017/results/res2019q4/cpu2017-20191111-19700.html"">HTML</A> <A HREF=""/cpu2017/results/res2019q4/cpu2017-20191111-19700.csv"">CSV</A> <A HREF=""/cpu2017/results/res2019q4/cpu2017-20191111-19700.pdf"">PDF</A> <A HREF=""/cpu2017/results/res2019q4/cpu2017-20191111-19700.ps"">PS</A> <A HREF=""/cpu2017/results/res2019q4/cpu2017-20191111-19700.txt"">Text</A> <A HREF=""/cpu2017/results/res2019q4/cpu2017-20191111-19700.cfg"">Config</A>",,cint2017,78.48,2.0,Yes,1 x 480 GB SATA SSD,0.0,0.0,5.06,4.57,9.32,9.32,15.3,14.2,4.72,4.72,9.77,8.89,12.5,12.2,4.78,4.69,4.15,4.15,15.7,15.7,19.7,19.6,2019,78.48
13418,CINT2017,Lenovo Global Technology,"ThinkSystem SR665 V3 (2.70 GHz,AMD EPYC 9334)",64,2,,,AMD EPYC 9334,2700,,"1,2 chips",,64-bit,64-bit,32 KB I + 32 KB D on chip per core,1 MB I+D on chip per core,"128 MB I+D on chip per chip, 32 MB shared / 8 cores",,768 GB (24 x 32 GB 2Rx8 PC5-4800B-R),"SUSE Linux Enterprise Server 15 SP4 (x86_64), Kernel 5.14.21-150400.22-default",xfs,C/C++/Fortran: Version 4.0.0 of AOCC,Feb-2023,Nov-2022,14.8,14.6,,,,,,,,,,,,,,,,,,,,,,,,,9017,Lenovo Global Technology,Lenovo Global Technology,Dec-2022,Jan-2023,Jan-2023,"<A HREF=""/cpu2017/results/res2023q1/cpu2017-20230102-33283.html"">HTML</A> <A HREF=""/cpu2017/results/res2023q1/cpu2017-20230102-33283.csv"">CSV</A> <A HREF=""/cpu2017/results/res2023q1/cpu2017-20230102-33283.pdf"">PDF</A> <A HREF=""/cpu2017/results/res2023q1/cpu2017-20230102-33283.ps"">PS</A> <A HREF=""/cpu2017/results/res2023q1/cpu2017-20230102-33283.txt"">Text</A> <A HREF=""/cpu2017/results/res2023q1/cpu2017-20230102-33283.cfg"">Config</A>",,cint2017,133.20000000000002,1.0,Yes,1 x 480 GB SATA SSD,0.0,0.0,8.83,8.83,15.1,15.1,21.9,21.1,10.8,10.8,21.6,20.0,22.4,22.4,7.32,7.32,6.15,6.15,27.3,27.3,26.7,26.7,2023,66.60000000000001
13356,CINT2017,Lenovo Global Technology,"ThinkSystem SR655 V3 (2.70 GHz,AMD EPYC 9334)",32,1,,,AMD EPYC 9334,2700,,1 chip,,64-bit,64-bit,32 KB I + 32 KB D on chip per core,1 MB I+D on chip per core,"128 MB I+D on chip per chip, 32 MB shared / 8 cores",,384 GB (12 x 32 GB 2Rx8 PC5-4800B-R),"SUSE Linux Enterprise Server 15 SP4, Kernel 5.14.21-150400.22-default",xfs,C/C++/Fortran: Version 4.0.0 of AOCC,Apr-2023,Nov-2022,14.7,14.5,,,,,,,,,,,,,,,,,,,,,,,,,9017,Lenovo Global Technology,Lenovo Global Technology,Mar-2023,Apr-2023,Apr-2023,"<A HREF=""/cpu2017/results/res2023q2/cpu2017-20230327-35070.html"">HTML</A> <A HREF=""/cpu2017/results/res2023q2/cpu2017-20230327-35070.csv"">CSV</A> <A HREF=""/cpu2017/results/res2023q2/cpu2017-20230327-35070.pdf"">PDF</A> <A HREF=""/cpu2017/results/res2023q2/cpu2017-20230327-35070.ps"">PS</A> <A HREF=""/cpu2017/results/res2023q2/cpu2017-20230327-35070.txt"">Text</A> <A HREF=""/cpu2017/results/res2023q2/cpu2017-20230327-35070.cfg"">Config</A>",,cint2017,132.29999999999998,2.0,Yes,1 x 480 GB SATA SSD,0.0,0.0,8.82,8.81,14.9,14.9,21.9,21.1,10.7,10.7,21.5,19.9,22.3,22.3,7.27,7.27,6.15,6.15,27.4,27.4,26.0,25.3,2023,132.29999999999998
12737,CINT2017,Lenovo Global Technology,"ThinkSystem SD535 V3 (2.70 GHz, AMD EPYC 9334)",32,1,,,AMD EPYC 9334,2700,,1 chip,,64-bit,64-bit,32 KB I + 32 KB D on chip per core,1 MB I+D on chip per core,"128 MB I+D on chip per chip, 32 MB shared / 8 cores",,768 GB (12 x 64 GB 2Rx4 PC5-4800B-R),"SUSE Linux Enterprise Server 15 SP5, Kernel 5.14.21-150500.53-default",xfs,C/C++/Fortran: Version 4.0.0 of AOCC,May-2024,Jun-2023,14.7,14.5,,,,,,,,,,,,,,,,,,,,,,,,,9017,Lenovo Global Technology,Lenovo Global Technology,May-2024,Jun-2024,Jun-2024,"<A HREF=""/cpu2017/results/res2024q2/cpu2017-20240520-43530.html"">HTML</A> <A HREF=""/cpu2017/results/res2024q2/cpu2017-20240520-43530.csv"">CSV</A> <A HREF=""/cpu2017/results/res2024q2/cpu2017-20240520-43530.pdf"">PDF</A> <A HREF=""/cpu2017/results/res2024q2/cpu2017-20240520-43530.ps"">PS</A> <A HREF=""/cpu2017/results/res2024q2/cpu2017-20240520-43530.txt"">Text</A> <A HREF=""/cpu2017/results/res2024q2/cpu2017-20240520-43530.cfg"">Config</A>",,cint2017,132.29999999999998,2.0,Yes,1 x 960 GB M.2 SATA SSD,0.0,0.0,8.93,8.93,15.0,15.0,21.9,21.1,10.8,10.7,21.6,19.8,22.2,22.1,7.26,7.26,6.15,6.15,26.9,26.9,26.1,25.3,2024,132.29999999999998
13225,CINT2017,Lenovo Global Technology,"ThinkSystem SR645 V3 (2.70 GHz,AMD EPYC 9334)",64,2,,,AMD EPYC 9334,2700,,"1,2 chips",,64-bit,64-bit,32 KB I + 32 KB D on chip per core,1 MB I+D on chip per core,"128 MB I+D on chip per chip, 32 MB shared / 8 cores",,768 GB (24 x 32 GB 2Rx8 PC5-4800B-R),"SUSE Linux Enterprise Server 15 SP4 (x86_64), Kernel 5.14.21-150400.22-default",xfs,C/C++/Fortran: Version 4.0.0 of AOCC,Feb-2023,Nov-2022,14.8,14.6,,,,,,,,,,,,,,,,,,,,,,,,,9017,Lenovo Global Technology,Lenovo Global Technology,Dec-2022,Jan-2023,Jan-2023,"<A HREF=""/cpu2017/results/res2023q1/cpu2017-20230102-33280.html"">HTML</A> <A HREF=""/cpu2017/results/res2023q1/cpu2017-20230102-33280.csv"">CSV</A> <A HREF=""/cpu2017/results/res2023q1/cpu2017-20230102-33280.pdf"">PDF</A> <A HREF=""/cpu2017/results/res2023q1/cpu2017-20230102-33280.ps"">PS</A> <A HREF=""/cpu2017/results/res2023q1/cpu2017-20230102-33280.txt"">Text</A> <A HREF=""/cpu2017/results/res2023q1/cpu2017-20230102-33280.cfg"">Config</A>",,cint2017,133.20000000000002,1.0,Yes,1 x 480 GB SATA SSD,0.0,0.0,8.82,8.82,15.0,15.0,21.9,21.1,10.8,10.8,21.6,19.9,22.4,22.4,7.27,7.27,6.15,6.15,27.4,27.4,26.7,26.6,2023,66.60000000000001
13442,CINT2017,Lenovo Global Technology,"ThinkSystem SR675 V3 (2.70 GHz, AMD EPYC 9334)",64,2,,,AMD EPYC 9334,2700,,"1,2 chips",,64-bit,64-bit,32 KB I + 32 KB D on chip per core,1 MB I+D on chip per core,"128 MB I+D on chip per chip, 32 MB shared / 8 cores",,1536 GB (24 x 64 GB 2Rx4 PC5-4800B-R),"SUSE Linux Enterprise Server 15 SP4, Kernel 5.14.21-150400.22-default",btrfs,C/C++/Fortran: Version 4.0.0 of AOCC,Jul-2023,Nov-2022,14.8,14.6,,,,,,,,,,,,,,,,,,,,,,,,,9017,Lenovo Global Technology,Lenovo Global Technology,Nov-2023,Dec-2023,Dec-2023,"<A HREF=""/cpu2017/results/res2023q4/cpu2017-20231204-40177.html"">HTML</A> <A HREF=""/cpu2017/results/res2023q4/cpu2017-20231204-40177.csv"">CSV</A> <A HREF=""/cpu2017/results/res2023q4/cpu2017-20231204-40177.pdf"">PDF</A> <A HREF=""/cpu2017/results/res2023q4/cpu2017-20231204-40177.ps"">PS</A> <A HREF=""/cpu2017/results/res2023q4/cpu2017-20231204-40177.txt"">Text</A> <A HREF=""/cpu2017/results/res2023q4/cpu2017-20231204-40177.cfg"">Config</A>",,cint2017,133.20000000000002,1.0,Yes,1 x 3.84 TB NVME SSD,0.0,0.0,8.96,8.96,15.1,15.1,22.0,21.1,10.8,10.8,21.7,20.0,22.2,22.1,7.29,7.29,6.16,6.16,26.9,26.9,26.6,26.6,2023,66.60000000000001
13160,CINT2017,Lenovo Global Technology,"ThinkSystem SR635 V3 (2.70 GHz,AMD EPYC 9334)",32,1,,,AMD EPYC 9334,2700,,1 chip,,64-bit,64-bit,32 KB I + 32 KB D on chip per core,1 MB I+D on chip per core,"128 MB I+D on chip per chip, 32 MB shared / 8 cores",,384 GB (12 x 32 GB 2Rx8 PC5-4800B-R),"SUSE Linux Enterprise Server 15 SP4, Kernel 5.14.21-150400.22-default",xfs,C/C++/Fortran: Version 4.0.0 of AOCC,Apr-2023,Nov-2022,14.7,14.5,,,,,,,,,,,,,,,,,,,,,,,,,9017,Lenovo Global Technology,Lenovo Global Technology,Mar-2023,Apr-2023,Apr-2023,"<A HREF=""/cpu2017/results/res2023q2/cpu2017-20230327-35039.html"">HTML</A> <A HREF=""/cpu2017/results/res2023q2/cpu2017-20230327-35039.csv"">CSV</A> <A HREF=""/cpu2017/results/res2023q2/cpu2017-20230327-35039.pdf"">PDF</A> <A HREF=""/cpu2017/results/res2023q2/cpu2017-20230327-35039.ps"">PS</A> <A HREF=""/cpu2017/results/res2023q2/cpu2017-20230327-35039.txt"">Text</A> <A HREF=""/cpu2017/results/res2023q2/cpu2017-20230327-35039.cfg"">Config</A>",,cint2017,132.29999999999998,2.0,Yes,1 x 480 GB SATA SSD,0.0,0.0,8.71,8.71,14.9,14.9,21.9,21.1,10.7,10.7,21.5,19.9,22.3,22.3,7.29,7.29,6.15,6.15,27.3,27.3,26.2,25.3,2023,132.29999999999998
14266,CINT2017,Supermicro,"Hyper A+ Server AS -2025HS-TNR (H13DSH , AMD EPYC 9334)",64,2,,,AMD EPYC 9334,2700,,"1,2 chips",,64-bit,64-bit,32 KB I + 32 KB D on chip per core,1 MB I+D on chip per core,"128 MB I+D on chip per chip, 32 MB shared / 8 cores",,1536 GB (24 x 64 GB 2Rx4 PC5-4800B-R),"Ubuntu 22.04.3 LTS, Kernel 5.15.0-91-generic",ext4,C/C++/Fortran: Version 4.0.0 of AOCC,Nov-2022,Nov-2023,14.8,14.5,,,,,,,,,,,,,,,,,,,,,,,,,1176,Supermicro,Supermicro,Jan-2024,Jan-2024,Jan-2024,"<A HREF=""/cpu2017/results/res2024q1/cpu2017-20240116-40717.html"">HTML</A> <A HREF=""/cpu2017/results/res2024q1/cpu2017-20240116-40717.csv"">CSV</A> <A HREF=""/cpu2017/results/res2024q1/cpu2017-20240116-40717.pdf"">PDF</A> <A HREF=""/cpu2017/results/res2024q1/cpu2017-20240116-40717.ps"">PS</A> <A HREF=""/cpu2017/results/res2024q1/cpu2017-20240116-40717.txt"">Text</A> <A HREF=""/cpu2017/results/res2024q1/cpu2017-20240116-40717.cfg"">Config</A>",,cint2017,133.20000000000002,2.0,Yes,1 x 800 GB NVMe SSD,0.0,0.0,8.97,8.97,14.9,14.9,22.0,21.1,10.7,10.7,21.7,18.9,22.2,22.0,7.25,7.25,6.16,6.16,26.9,26.9,27.1,26.6,2022,66.60000000000001
12789,CINT2017,Lenovo Global Technology,"ThinkSystem SD665 V3 (2.70 GHz,AMD EPYC 9334)",64,2,,,AMD EPYC 9334,2700,,2 chips,,64-bit,64-bit,32 KB I + 32 KB D on chip per core,1 MB I+D on chip per core,"128 MB I+D on chip per chip, 32 MB shared / 8 cores",,768 GB (24 x 32 GB 2Rx8 PC5-4800B-R),"SUSE Linux Enterprise Server 15 SP4 (x86_64), Kernel 5.14.21-150400.22-default",xfs,C/C++/Fortran: Version 4.0.0 of AOCC,Dec-2022,Nov-2022,14.8,14.6,,,,,,,,,,,,,,,,,,,,,,,,,9017,Lenovo Global Technology,Lenovo Global Technology,Jan-2023,Feb-2023,Feb-2023,"<A HREF=""/cpu2017/results/res2023q1/cpu2017-20230116-33515.html"">HTML</A> <A HREF=""/cpu2017/results/res2023q1/cpu2017-20230116-33515.csv"">CSV</A> <A HREF=""/cpu2017/results/res2023q1/cpu2017-20230116-33515.pdf"">PDF</A> <A HREF=""/cpu2017/results/res2023q1/cpu2017-20230116-33515.ps"">PS</A> <A HREF=""/cpu2017/results/res2023q1/cpu2017-20230116-33515.txt"">Text</A> <A HREF=""/cpu2017/results/res2023q1/cpu2017-20230116-33515.cfg"">Config</A>",,cint2017,133.20000000000002,2.0,Yes,1 x 3.84 TB NVME SSD,0.0,0.0,8.86,8.86,15.0,15.0,21.9,21.1,10.8,10.8,21.6,19.9,22.4,22.4,7.32,7.32,6.17,6.17,27.4,27.4,27.1,26.7,2022,66.60000000000001
12623,CINT2017,"IEIT Systems Co., Ltd.",NF5280A7 (AMD EPYC 9334),64,2,,,AMD EPYC 9334,2700,,"1,2 chips",,64-bit,64-bit,32 KB I + 32 KB D on chip per core,1 MB I+D on chip per core,"128 MB I+D on chip per chip, 32 MB shared / 8 cores",,768 GB (24 x 32 GB 2Rx4 PC5-4800B-R),"Red Hat Enterprise Linux 9.0 (Plow), 5.14.0-70.22.1.el9_0.x86_64",xfs,C/C++/Fortran: Version 4.0.0 of AOCC,Sep-2023,Dec-2022,14.8,14.6,,,,,,,,,,,,,,,,,,,,,,,,,3358,"IEIT Systems Co., Ltd.","IEIT Systems Co., Ltd.",Oct-2023,Nov-2023,Nov-2023,"<A HREF=""/cpu2017/results/res2023q4/cpu2017-20231106-39648.html"">HTML</A> <A HREF=""/cpu2017/results/res2023q4/cpu2017-20231106-39648.csv"">CSV</A> <A HREF=""/cpu2017/results/res2023q4/cpu2017-20231106-39648.pdf"">PDF</A> <A HREF=""/cpu2017/results/res2023q4/cpu2017-20231106-39648.ps"">PS</A> <A HREF=""/cpu2017/results/res2023q4/cpu2017-20231106-39648.txt"">Text</A> <A HREF=""/cpu2017/results/res2023q4/cpu2017-20231106-39648.cfg"">Config</A>",,cint2017,133.20000000000002,2.0,Yes,1 x 1.92 TB NVME SSD,0.0,0.0,8.84,8.84,14.9,14.9,21.9,21.1,10.7,10.7,21.6,19.8,22.4,22.4,7.29,7.29,6.15,6.15,27.3,27.3,27.1,26.6,2023,66.60000000000001
11857,CINT2017,Hewlett Packard Enterprise,"ProLiant DL365 Gen11 (2.70 GHz, AMD EPYC 9334)",64,2,,,AMD EPYC 9334,2700,,"1,2 chips",,64-bit,64-bit,32 KB I + 32 KB D on chip per core,1 MB I+D on chip per core,"128 MB I+D on chip per chip, 32 MB shared / 8 cores",,1536 GB (24 x 64 GB 2Rx4 PC5-4800B-R),"Ubuntu 22.04.1 LTS, Kernel 5.15.0-43-generic",ext4,C/C++/Fortran: Version 4.0.0 of AOCC,Dec-2022,Nov-2022,14.8,14.5,,,,,,,,,,,,,,,,,,,,,,,,,3,HPE,HPE,Jan-2023,Feb-2023,Feb-2023,"<A HREF=""/cpu2017/results/res2023q1/cpu2017-20230130-33817.html"">HTML</A> <A HREF=""/cpu2017/results/res2023q1/cpu2017-20230130-33817.csv"">CSV</A> <A HREF=""/cpu2017/results/res2023q1/cpu2017-20230130-33817.pdf"">PDF</A> <A HREF=""/cpu2017/results/res2023q1/cpu2017-20230130-33817.ps"">PS</A> <A HREF=""/cpu2017/results/res2023q1/cpu2017-20230130-33817.txt"">Text</A> <A HREF=""/cpu2017/results/res2023q1/cpu2017-20230130-33817.cfg"">Config</A>",,cint2017,133.20000000000002,1.0,Yes,1 x 480 GB SATA SSD,0.0,0.0,8.84,8.83,15.0,15.0,21.9,21.1,10.7,10.7,21.6,19.0,22.5,22.5,7.3,7.3,6.15,6.15,27.4,27.4,26.3,26.3,2022,66.60000000000001
12077,CINT2017,Hewlett Packard Enterprise,"ProLiant DL385 Gen11 (2.70 GHz, AMD EPYC 9334)",64,2,,,AMD EPYC 9334,2700,,"1,2 chips",,64-bit,64-bit,32 KB I + 32 KB D on chip per core,1 MB I+D on chip per core,"128 MB I+D on chip per chip, 32 MB shared / 8 cores",,1536 GB (24 x 64 GB 2Rx4 PC5-4800B-R),"Ubuntu 22.04.1 LTS, Kernel 5.15.0-56-generic",ext4,C/C++/Fortran: Version 4.0.0 of AOCC,Dec-2022,Nov-2022,14.7,14.5,,,,,,,,,,,,,,,,,,,,,,,,,3,HPE,HPE,Dec-2022,Feb-2023,Feb-2023,"<A HREF=""/cpu2017/results/res2023q1/cpu2017-20230130-33806.html"">HTML</A> <A HREF=""/cpu2017/results/res2023q1/cpu2017-20230130-33806.csv"">CSV</A> <A HREF=""/cpu2017/results/res2023q1/cpu2017-20230130-33806.pdf"">PDF</A> <A HREF=""/cpu2017/results/res2023q1/cpu2017-20230130-33806.ps"">PS</A> <A HREF=""/cpu2017/results/res2023q1/cpu2017-20230130-33806.txt"">Text</A> <A HREF=""/cpu2017/results/res2023q1/cpu2017-20230130-33806.cfg"">Config</A>",,cint2017,132.29999999999998,1.0,Yes,1 x 480 GB SATA SSD,0.0,0.0,8.83,8.83,15.0,15.0,21.9,21.1,10.8,10.7,21.5,19.0,22.4,22.4,7.29,7.29,6.15,6.15,27.3,27.3,26.3,26.2,2022,66.14999999999999
14525,CINT2017,Tyrone Systems,"( Tyrone Camarero SDA200A2N-18) (2.70 GHz, AMD EPYC 9334)",64,2,,,AMD EPYC 9334,2700,,"1,2 chips",,64-bit,64-bit,32 KB I + 32 KB D on chip per core,1 MB I+D on chip per core,"128 MB I+D on chip per chip, 32 MB shared / 8 cores",,1 TB (16 x 64 GB 2Rx4 PC5-4800B-R),"Ubuntu 20.04.4 LTS, kernel version, 5.15.0-92-generic",ext4,C/C++/Fortran: Version 4.0.0 of AOCC,Jun-2023,Jan-2024,14.6,14.4,,,,,,,,,,,,,,,,,,,,,,,,,6042,Tyrone Systems,Netweb Pte Ltd,Jan-2024,Feb-2024,Feb-2024,"<A HREF=""/cpu2017/results/res2024q1/cpu2017-20240206-41066.html"">HTML</A> <A HREF=""/cpu2017/results/res2024q1/cpu2017-20240206-41066.csv"">CSV</A> <A HREF=""/cpu2017/results/res2024q1/cpu2017-20240206-41066.pdf"">PDF</A> <A HREF=""/cpu2017/results/res2024q1/cpu2017-20240206-41066.ps"">PS</A> <A HREF=""/cpu2017/results/res2024q1/cpu2017-20240206-41066.txt"">Text</A> <A HREF=""/cpu2017/results/res2024q1/cpu2017-20240206-41066.cfg"">Config</A>",,cint2017,131.4,2.0,Yes,1 x 1 TB NVMe,0.0,0.0,8.84,8.75,14.8,14.9,21.8,20.9,10.2,10.3,21.6,19.8,22.0,21.9,7.1,7.17,6.14,6.14,26.7,26.9,26.4,26.2,2023,65.7
11714,CINT2017,Hewlett Packard Enterprise,"ProLiant DL345 Gen11 (2.70 GHz, AMD EPYC 9334)",32,1,,,AMD EPYC 9334,2700,,1 chip,,64-bit,64-bit,32 KB I + 32 KB D on chip per core,1 MB I+D on chip per core,"128 MB I+D on chip per chip, 32 MB shared / 8 cores",,384 GB (12 x 32 GB 2Rx8 PC5-4800B-R),"Ubuntu 22.04.1 LTS, Kernel 5.15.0-53-generic",ext4,C/C++/Fortran: Version 4.0.0 of AOCC,Dec-2022,Nov-2022,14.7,14.4,,,,,,,,,,,,,,,,,,,,,,,,,3,HPE,HPE,Jan-2023,Feb-2023,Mar-2023,"<A HREF=""/cpu2017/results/res2023q1/cpu2017-20230213-34102.html"">HTML</A> <A HREF=""/cpu2017/results/res2023q1/cpu2017-20230213-34102.csv"">CSV</A> <A HREF=""/cpu2017/results/res2023q1/cpu2017-20230213-34102.pdf"">PDF</A> <A HREF=""/cpu2017/results/res2023q1/cpu2017-20230213-34102.ps"">PS</A> <A HREF=""/cpu2017/results/res2023q1/cpu2017-20230213-34102.txt"">Text</A> <A HREF=""/cpu2017/results/res2023q1/cpu2017-20230213-34102.cfg"">Config</A>",,cint2017,132.29999999999998,1.0,Yes,"1 x 1.6 TB NVMe SSD, RAID 0",0.0,0.0,8.82,8.82,15.1,15.1,21.9,21.2,10.7,10.6,21.6,19.2,22.5,22.5,7.3,7.3,6.16,6.16,27.4,27.4,25.0,25.0,2022,132.29999999999998
11678,CINT2017,Hewlett Packard Enterprise,"ProLiant DL325 Gen11 (2.70 GHz, AMD EPYC 9334)",32,1,,,AMD EPYC 9334,2700,,1 chip,,64-bit,64-bit,32 KB I + 32 KB D on chip per core,1 MB I+D on chip per core,"128 MB I+D on chip per chip, 32 MB shared / 8 cores",,768 GB (12 x 64 GB 2Rx4 PC5-4800B-R),"Red Hat Enterprise Linux 9.0 (Plow), Kernel 5.14.0-70.13.1.el9_0.x86_64",xfs,C/C++/Fortran: Version 4.0.0 of AOCC,Dec-2022,Nov-2022,14.7,14.5,,,,,,,,,,,,,,,,,,,,,,,,,3,HPE,HPE,Dec-2022,Feb-2023,Feb-2023,"<A HREF=""/cpu2017/results/res2023q1/cpu2017-20230130-33829.html"">HTML</A> <A HREF=""/cpu2017/results/res2023q1/cpu2017-20230130-33829.csv"">CSV</A> <A HREF=""/cpu2017/results/res2023q1/cpu2017-20230130-33829.pdf"">PDF</A> <A HREF=""/cpu2017/results/res2023q1/cpu2017-20230130-33829.ps"">PS</A> <A HREF=""/cpu2017/results/res2023q1/cpu2017-20230130-33829.txt"">Text</A> <A HREF=""/cpu2017/results/res2023q1/cpu2017-20230130-33829.cfg"">Config</A>",,cint2017,132.29999999999998,1.0,Yes,1 x 480 GB SATA SSD,0.0,0.0,8.79,8.79,15.0,15.0,21.9,21.1,10.7,10.7,21.6,19.9,22.4,22.4,7.28,7.28,6.15,6.15,27.3,27.3,24.9,24.8,2022,132.29999999999998
11231,CINT2017,Dell Inc.,PowerEdge R7625 (AMD EPYC 9334 32-Core Processor),64,2,,,AMD EPYC 9334,2700,,"1,2 chips",,64-bit,64-bit,32 KB I + 32 KB D on chip per core,1 MB I+D on chip per core,"128 MB I+D on chip per chip, 32 MB shared / 8 cores",,768 GB (24 x 32 GB 2Rx8 PC5-4800B-R),"Ubuntu 22.04.3 LTS, 5.15.0-86-generic",tmpfs,C/C++/Fortran: Version 4.0.0 of AOCC,Feb-2023,Oct-2023,14.8,14.5,,,,,,,,,,,,,,,,,,,,,,,,,6573,Dell Inc.,Dell Inc.,Oct-2023,Jan-2024,Jan-2024,"<A HREF=""/cpu2017/results/res2024q1/cpu2017-20231218-40393.html"">HTML</A> <A HREF=""/cpu2017/results/res2024q1/cpu2017-20231218-40393.csv"">CSV</A> <A HREF=""/cpu2017/results/res2024q1/cpu2017-20231218-40393.pdf"">PDF</A> <A HREF=""/cpu2017/results/res2024q1/cpu2017-20231218-40393.ps"">PS</A> <A HREF=""/cpu2017/results/res2024q1/cpu2017-20231218-40393.txt"">Text</A> <A HREF=""/cpu2017/results/res2024q1/cpu2017-20231218-40393.cfg"">Config</A>",,cint2017,133.20000000000002,1.0,Yes,60 GB on tmpfs,0.0,0.0,8.9,8.86,15.2,15.2,22.1,21.2,10.8,10.8,21.8,18.8,22.3,22.2,7.23,7.23,6.16,6.16,26.9,26.9,26.7,26.7,2023,66.60000000000001
11206,CINT2017,Dell Inc.,PowerEdge R7615 (AMD EPYC 9334 32-Core Processor),32,1,,,AMD EPYC 9334,2700,,1 chip,,64-bit,64-bit,32 KB I + 32 KB D on chip per core,1 MB I+D on chip per core,"128 MB I+D on chip per chip, 32 MB shared / 8 cores",,384 GB (12 x 32 GB 2Rx8 PC5-4800B-R),"Ubuntu 22.04.3 LTS, 5.15.0-84-generic",tmpfs,C/C++/Fortran: Version 4.0.0 of AOCC,Feb-2023,Sep-2023,14.7,14.4,,,,,,,,,,,,,,,,,,,,,,,,,6573,Dell Inc.,Dell Inc.,Oct-2023,Jan-2024,Jan-2024,"<A HREF=""/cpu2017/results/res2024q1/cpu2017-20231218-40377.html"">HTML</A> <A HREF=""/cpu2017/results/res2024q1/cpu2017-20231218-40377.csv"">CSV</A> <A HREF=""/cpu2017/results/res2024q1/cpu2017-20231218-40377.pdf"">PDF</A> <A HREF=""/cpu2017/results/res2024q1/cpu2017-20231218-40377.ps"">PS</A> <A HREF=""/cpu2017/results/res2024q1/cpu2017-20231218-40377.txt"">Text</A> <A HREF=""/cpu2017/results/res2024q1/cpu2017-20231218-40377.cfg"">Config</A>",,cint2017,132.29999999999998,1.0,Yes,40 GB on tmpfs,0.0,0.0,8.9,8.89,15.2,15.2,22.1,21.2,10.9,10.9,21.8,18.9,22.2,22.2,7.19,7.19,6.16,6.16,26.9,26.9,25.4,25.4,2023,132.29999999999998
10788,CINT2017,Dell Inc.,PowerEdge R6625 (AMD EPYC 9334 32-Core Processor),64,2,,,AMD EPYC 9334,2700,,"1,2 chips",,64-bit,64-bit,32 KB I + 32 KB D on chip per core,1 MB I+D on chip per core,"128 MB I+D on chip per chip, 32 MB shared / 8 cores",,1536 GB (24 x 64 GB 2Rx4 PC5-4800B-R),"Ubuntu 22.04.3 LTS, 5.15.0-84-generic",tmpfs,C/C++/Fortran: Version 4.0.0 of AOCC,Feb-2023,Sep-2023,14.8,14.5,,,,,,,,,,,,,,,,,,,,,,,,,6573,Dell Inc.,Dell Inc.,Mar-2024,Apr-2024,Apr-2024,"<A HREF=""/cpu2017/results/res2024q2/cpu2017-20240326-42669.html"">HTML</A> <A HREF=""/cpu2017/results/res2024q2/cpu2017-20240326-42669.csv"">CSV</A> <A HREF=""/cpu2017/results/res2024q2/cpu2017-20240326-42669.pdf"">PDF</A> <A HREF=""/cpu2017/results/res2024q2/cpu2017-20240326-42669.ps"">PS</A> <A HREF=""/cpu2017/results/res2024q2/cpu2017-20240326-42669.txt"">Text</A> <A HREF=""/cpu2017/results/res2024q2/cpu2017-20240326-42669.cfg"">Config</A>",,cint2017,133.20000000000002,1.0,Yes,60 GB on tmpfs,0.0,0.0,8.96,8.96,15.1,15.1,22.1,21.2,10.7,10.7,21.7,18.9,22.3,22.2,7.28,7.28,6.17,6.17,26.7,26.4,26.8,26.7,2023,66.60000000000001
10765,CINT2017,Dell Inc.,PowerEdge R6615 (AMD EPYC 9334 32-Core Processor),32,1,,,AMD EPYC 9334,2700,,1 chip,,64-bit,64-bit,32 KB I + 32 KB D on chip per core,1 MB I+D on chip per core,"128 MB I+D on chip per chip, 32 MB shared / 8 cores",,768 GB (12 x 64 GB 2Rx4 PC5-4800B-R),"Ubuntu 22.04.3 LTS, 5.15.0-84-generic",tmpfs,C/C++/Fortran: Version 4.0.0 of AOCC,May-2023,Sep-2023,14.7,14.4,,,,,,,,,,,,,,,,,,,,,,,,,6573,Dell Inc.,Dell Inc.,Nov-2023,Feb-2024,Feb-2024,"<A HREF=""/cpu2017/results/res2024q1/cpu2017-20240212-41498.html"">HTML</A> <A HREF=""/cpu2017/results/res2024q1/cpu2017-20240212-41498.csv"">CSV</A> <A HREF=""/cpu2017/results/res2024q1/cpu2017-20240212-41498.pdf"">PDF</A> <A HREF=""/cpu2017/results/res2024q1/cpu2017-20240212-41498.ps"">PS</A> <A HREF=""/cpu2017/results/res2024q1/cpu2017-20240212-41498.txt"">Text</A> <A HREF=""/cpu2017/results/res2024q1/cpu2017-20240212-41498.cfg"">Config</A>",,cint2017,132.29999999999998,1.0,Yes,40 GB on tmpfs,0.0,0.0,8.96,8.96,15.2,15.2,22.1,21.1,10.8,10.6,21.4,18.8,22.3,22.2,7.3,7.3,6.16,6.16,26.6,26.3,25.3,25.2,2023,132.29999999999998
9247,CINT2017,ASUSTeK Computer Inc.,"ASUS RS720A-E12-RS12 (2.70 GHz, AMD EPYC 9334)",64,2,,,AMD EPYC 9334,2700,,"1,2 chips",,64-bit,64-bit,32 KB I + 32 KB D on chip per core,1 MB I+D on chip per core,"128 MB I+D on chip per chip, 32 MB shared / 8 cores",,1536 GB (24 x 64 GB 2Rx4 PC5-4800B-R),"SUSE Linux Enterprise Server 15 SP4 (x86_64), Kernel 5.14.21-150400.22-default",xfs,C/C++/Fortran: Version 4.0.0 of AOCC,Dec-2022,Nov-2022,14.9,14.7,,,,,,,,,,,,,,,,,,,,,,,,,9016,ASUSTeK Computer Inc.,ASUSTeK Computer Inc.,Jul-2023,Aug-2023,Aug-2023,"<A HREF=""/cpu2017/results/res2023q3/cpu2017-20230717-37944.html"">HTML</A> <A HREF=""/cpu2017/results/res2023q3/cpu2017-20230717-37944.csv"">CSV</A> <A HREF=""/cpu2017/results/res2023q3/cpu2017-20230717-37944.pdf"">PDF</A> <A HREF=""/cpu2017/results/res2023q3/cpu2017-20230717-37944.ps"">PS</A> <A HREF=""/cpu2017/results/res2023q3/cpu2017-20230717-37944.txt"">Text</A> <A HREF=""/cpu2017/results/res2023q3/cpu2017-20230717-37944.cfg"">Config</A>",,cint2017,134.1,2.0,Yes,1 x 4.0 TB PCIe NVMe SSD,0.0,0.0,8.85,8.85,15.0,15.0,22.1,21.3,11.0,11.0,21.6,19.9,22.4,22.4,7.36,7.36,6.15,6.15,27.3,27.3,27.6,27.2,2022,67.05
9053,CINT2017,ASUSTeK Computer Inc.,"ASUS RS520A-E12-RS12U (2.70 GHz, AMD EPYC 9334)",32,1,,,AMD EPYC 9334,2700,,1 chip,,64-bit,64-bit,32 KB I + 32 KB D on chip per core,1 MB I+D on chip per core,"128 MB I+D on chip per chip, 32 MB shared / 8 cores",,768 GB (12 x 64 GB 2Rx4 PC5-4800B-R),"SUSE Linux Enterprise Server 15 SP4 (x86_64), Kernel 5.14.21-150400.22-default",xfs,C/C++/Fortran: Version 4.0.0 of AOCC,Nov-2022,Nov-2022,14.8,14.6,,,,,,,,,,,,,,,,,,,,,,,,,9016,ASUSTeK Computer Inc.,ASUSTeK Computer Inc.,Jul-2023,Aug-2023,Aug-2023,"<A HREF=""/cpu2017/results/res2023q3/cpu2017-20230728-38105.html"">HTML</A> <A HREF=""/cpu2017/results/res2023q3/cpu2017-20230728-38105.csv"">CSV</A> <A HREF=""/cpu2017/results/res2023q3/cpu2017-20230728-38105.pdf"">PDF</A> <A HREF=""/cpu2017/results/res2023q3/cpu2017-20230728-38105.ps"">PS</A> <A HREF=""/cpu2017/results/res2023q3/cpu2017-20230728-38105.txt"">Text</A> <A HREF=""/cpu2017/results/res2023q3/cpu2017-20230728-38105.cfg"">Config</A>",,cint2017,133.20000000000002,2.0,Yes,1 x 1.6 TB PCIe NVMe SSD,0.0,0.0,8.87,8.85,15.1,15.1,22.1,21.3,11.0,11.0,21.4,19.8,22.4,22.4,7.37,7.37,6.15,6.15,27.4,27.4,26.7,25.9,2022,133.20000000000002
12610,CINT2017,"IEIT Systems Co., Ltd.",NF5180A7 (AMD EPYC 9334),64,2,,,AMD EPYC 9334,2700,,"1,2 chips",,64-bit,64-bit,32 KB I + 32 KB D on chip per core,1 MB I+D on chip per core,"128 MB I+D on chip per chip, 32 MB shared / 8 cores",,768 GB (24 x 32 GB 2Rx4 PC5-4800B-R),"Red Hat Enterprise Linux 9.0 (Plow), 5.14.0-70.22.1.el9_0.x86_64",xfs,C/C++/Fortran: Version 4.0.0 of AOCC,Sep-2023,Dec-2022,14.8,14.6,,,,,,,,,,,,,,,,,,,,,,,,,3358,"IEIT Systems Co., Ltd.","IEIT Systems Co., Ltd.",Oct-2023,Nov-2023,Nov-2023,"<A HREF=""/cpu2017/results/res2023q4/cpu2017-20231106-39650.html"">HTML</A> <A HREF=""/cpu2017/results/res2023q4/cpu2017-20231106-39650.csv"">CSV</A> <A HREF=""/cpu2017/results/res2023q4/cpu2017-20231106-39650.pdf"">PDF</A> <A HREF=""/cpu2017/results/res2023q4/cpu2017-20231106-39650.ps"">PS</A> <A HREF=""/cpu2017/results/res2023q4/cpu2017-20231106-39650.txt"">Text</A> <A HREF=""/cpu2017/results/res2023q4/cpu2017-20231106-39650.cfg"">Config</A>",,cint2017,133.20000000000002,2.0,Yes,1 x 1.92 TB NVME SSD,0.0,0.0,8.83,8.83,14.9,14.9,21.9,21.1,10.7,10.7,21.5,19.8,22.4,22.4,7.28,7.28,6.16,6.16,27.4,27.4,27.1,26.6,2023,66.60000000000001
14526,CINT2017,Tyrone Systems,"( Tyrone Camarero SDA200A2N-18) (2.70 GHz, AMD EPYC 9334)",64,2,,,AMD EPYC 9334,2700,,"1,2 chips",,64-bit,64-bit,32 KB I + 32 KB D on chip per core,1 MB I+D on chip per core,"128 MB I+D on chip per chip, 32 MB shared / 8 cores",,1 TB (16 x 64 GB 2Rx4 PC5-4800B-R),"Ubuntu 20.04.4 LTS, kernel version, 5.15.0-92-generic",ext4,C/C++/Fortran: Version 4.0.0 of AOCC,Jun-2023,Jan-2024,14.6,14.4,,,,,,,,,,,,,,,,,,,,,,,,,6042,Tyrone Systems,Netweb Pte Ltd,Jan-2024,Feb-2024,Feb-2024,"<A HREF=""/cpu2017/results/res2024q1/cpu2017-20240206-41070.html"">HTML</A> <A HREF=""/cpu2017/results/res2024q1/cpu2017-20240206-41070.csv"">CSV</A> <A HREF=""/cpu2017/results/res2024q1/cpu2017-20240206-41070.pdf"">PDF</A> <A HREF=""/cpu2017/results/res2024q1/cpu2017-20240206-41070.ps"">PS</A> <A HREF=""/cpu2017/results/res2024q1/cpu2017-20240206-41070.txt"">Text</A> <A HREF=""/cpu2017/results/res2024q1/cpu2017-20240206-41070.cfg"">Config</A>",,cint2017,131.4,2.0,Yes,1 x 1 TB NVMe,0.0,0.0,8.9,8.9,14.8,14.8,21.8,21.0,10.2,10.3,21.5,19.8,22.0,21.9,7.11,7.16,6.12,6.14,26.8,26.9,26.6,26.1,2023,65.7
